{
    "unit": [
        [
            0.01851851851,
            0.03888888888,
            -0.359375,
            -0.35677083333
        ],
        [
            "./Templates/dm-1/1080p/kmh.png"
        ],
        0.85,
        [
            1
        ]
    ],
    "anchor": [
        null,
        [
            "./Templates/dm-1/1080p/anchor.png"
        ],
        0.7,
        []
    ],
    "sign": [
        [
            0,
            0.04,
            0.015625,
            0.0328125
        ],
        [
            "./Templates/dm-1/1080p/plus.png"
        ],
        0.7,
        [
            1
        ]
    ],
    "velocity-stage1": [
        [
            -0.02,
            0.02407407407,
            -0.38083333333,
            -0.30
        ],
        [
            "./Templates/dm-1/1080p/0.png",
            "./Templates/dm-1/1080p/1.png",
            "./Templates/dm-1/1080p/2.png",
            "./Templates/dm-1/1080p/3.png",
            "./Templates/dm-1/1080p/4.png",
            "./Templates/dm-1/1080p/5.png",
            "./Templates/dm-1/1080p/6.png",
            "./Templates/dm-1/1080p/7.png",
            "./Templates/dm-1/1080p/8.png",
            "./Templates/dm-1/1080p/9.png"
        ],
        0.75,
        [
            1,
            2,
            3,
            4,
            5
        ]
    ],
    "altitude-stage1": [
        [
            -0.02037037037,
            0.02592592592,
            -0.28385416666,
            -0.23177083333
        ],
        [
            "./Templates/dm-1/1080p/0.png",
            "./Templates/dm-1/1080p/1.png",
            "./Templates/dm-1/1080p/2.png",
            "./Templates/dm-1/1080p/3.png",
            "./Templates/dm-1/1080p/4.png",
            "./Templates/dm-1/1080p/5.png",
            "./Templates/dm-1/1080p/6.png",
            "./Templates/dm-1/1080p/7.png",
            "./Templates/dm-1/1080p/8.png",
            "./Templates/dm-1/1080p/9.png"
        ],
        0.75,
        [
            1,
            2,
            3,
            4
        ]
    ],
    "velocity-stage2": [
        [
            -0.02,
            0.02407407407,
            0.44083333333,
            0.36
        ],
        [
            "./Templates/dm-1/1080p/0.png",
            "./Templates/dm-1/1080p/1.png",
            "./Templates/dm-1/1080p/2.png",
            "./Templates/dm-1/1080p/3.png",
            "./Templates/dm-1/1080p/4.png",
            "./Templates/dm-1/1080p/5.png",
            "./Templates/dm-1/1080p/6.png",
            "./Templates/dm-1/1080p/7.png",
            "./Templates/dm-1/1080p/8.png",
            "./Templates/dm-1/1080p/9.png"
        ],
        0.75,
        [
            1,
            2,
            3,
            4,
            5
        ]
    ],
    "altitude-stage2": [
        [
            -0.02037037037,
            0.02592592592,
            0.50685416666,
            0.45477083333
        ],
        [
            "./Templates/dm-1/1080p/0.png",
            "./Templates/dm-1/1080p/1.png",
            "./Templates/dm-1/1080p/2.png",
            "./Templates/dm-1/1080p/3.png",
            "./Templates/dm-1/1080p/4.png",
            "./Templates/dm-1/1080p/5.png",
            "./Templates/dm-1/1080p/6.png",
            "./Templates/dm-1/1080p/7.png",
            "./Templates/dm-1/1080p/8.png",
            "./Templates/dm-1/1080p/9.png"
        ],
        0.75,
        [
            1,
            2,
            3,
            4
        ]
    ],
    "time": [
        [
            0,
            0.04722222222,
            0.0328125,
            0.146875
        ],
        [
            "./Templates/dm-1/1080p/0.png",
            "./Templates/dm-1/1080p/1.png",
            "./Templates/dm-1/1080p/2.png",
            "./Templates/dm-1/1080p/3.png",
            "./Templates/dm-1/1080p/4.png",
            "./Templates/dm-1/1080p/5.png",
            "./Templates/dm-1/1080p/6.png",
            "./Templates/dm-1/1080p/7.png",
            "./Templates/dm-1/1080p/8.png",
            "./Templates/dm-1/1080p/9.png"
        ],
        0.75,
        [
            6
        ]
    ]
}
